{
  "exact_match_accuracy": 42.699999999999996,
  "parse_success_rate": 54.800000000000004,
  "avg_generation_length": 229.727,
  "total_samples": 1000,
  "correct_samples": 427,
  "parseable_samples": 548
}