{
  "exact_match_accuracy": 43.7,
  "parse_success_rate": 75.4,
  "avg_generation_length": 233.639,
  "total_samples": 1000,
  "correct_samples": 437,
  "parseable_samples": 754,
  "total_inference_time_sec": 955.5072383013321,
  "avg_time_per_sample_sec": 0.9555072383013321,
  "samples_per_second": 1.0465645469915703
}