{
  "exact_match_accuracy": 43.0,
  "parse_success_rate": 87.3,
  "avg_generation_length": 200.376,
  "total_samples": 1000,
  "correct_samples": 430,
  "parseable_samples": 873,
  "total_inference_time_sec": 887.742369100335,
  "avg_time_per_sample_sec": 0.8877423691003351,
  "samples_per_second": 1.1264529381575312
}