{
  "exact_match_accuracy": 43.5,
  "parse_success_rate": 86.0,
  "avg_generation_length": 194.834,
  "total_samples": 1000,
  "correct_samples": 435,
  "parseable_samples": 860,
  "total_inference_time_sec": 854.4943050984875,
  "avg_time_per_sample_sec": 0.8544943050984876,
  "samples_per_second": 1.1702828140963932
}